listing_id,title,price,currency,bedrooms,bathrooms,area_m2,furnished,floor,location,details_raw,url
279975907,50 m2 1 Bedroom Apartments for Rent in Amman University Street,20,JOD,1,1,50,Furnished,Third Floor,"University Street, Amman",1 Bedroom | One Bathroom | Furnished | Surface Area: 50 m2 | Third Floor | For Rent | Apartments,https://jo.opensooq.com/en/search/279975907
280262621,120 m2 2 Bedrooms Apartments for Rent in Amman Abdoun,750,JOD,2,2,120,Furnished,First Floor,"Abdoun, Amman",2 Bedrooms | 2 Bathrooms | Furnished | Surface Area: 120 m2 | First Floor | For Rent | Apartments,https://jo.opensooq.com/en/search/280262621
280790180,215 m2 3 Bedrooms Apartments for Rent in Amman Jubaiha,750,JOD,3,3,215,Unfurnished,First Floor,"Jubaiha, Amman",3 Bedrooms | 3 Bathrooms | Unfurnished | Surface Area: 215 m2 | First Floor | For Rent | Apartments,https://jo.opensooq.com/en/search/280790180
278576205,40 m2 Studio Apartments for Rent in Amman University Street,160,JOD,0,1,40,Furnished,Second Floor,"University Street, Amman",Studio | One Bathroom | Furnished | Surface Area: 40 m2 | Second Floor | For Rent | Apartments,https://jo.opensooq.com/en/search/278576205
280684559,125 m2 3 Bedrooms Apartments for Rent in Amman Shafa Badran,700,JOD,3,3,125,Furnished,Third Floor,"Shafa Badran, Amman",3 Bedrooms | 3 Bathrooms | Furnished | Surface Area: 125 m2 | Third Floor | For Rent | Apartments,https://jo.opensooq.com/en/search/280684559
280601065,171 m2 3 Bedrooms Apartments for Rent in Amman Um El Summaq,5000,JOD,3,3,171,Unfurnished,First Floor,"Um El Summaq, Amman",3 Bedrooms | 3 Bathrooms | Unfurnished | Surface Area: 171 m2 | First Floor | For Rent | Apartments,https://jo.opensooq.com/en/search/280601065
273141751,40 m2 Studio Apartments for Rent in Amman Tla' Ali,25,JOD,0,1,40,Furnished,First Floor,"Tla' Ali, Amman",Studio | One Bathroom | Furnished | Surface Area: 40 m2 | First Floor | For Rent | Apartments,https://jo.opensooq.com/en/search/273141751
278957413,90 m2 2 Bedrooms Apartments for Rent in Amman Jubaiha,750,JOD,2,2,90,Furnished,Ground Floor,"Jubaiha, Amman",2 Bedrooms | 2 Bathrooms | Furnished | Surface Area: 90 m2 | Ground Floor | For Rent | Apartments,https://jo.opensooq.com/en/search/278957413
280024517,175 m2 3 Bedrooms Apartments for Rent in Amman Deir Ghbar,1000,JOD,3,3,175,Furnished,Semi Ground Floor,"Deir Ghbar, Amman",3 Bedrooms | 3 Bathrooms | Furnished | Surface Area: 175 m2 | Semi Ground Floor | For Rent | Apartments,https://jo.opensooq.com/en/search/280024517
278134953,25 m2 Studio Apartments for Rent in Amman Tla' Ali,230,JOD,0,1,25,Furnished,First Floor,"Tla' Ali, Amman",Studio | One Bathroom | Furnished | Surface Area: 25 m2 | First Floor | For Rent | Apartments,https://jo.opensooq.com/en/search/278134953
268866429,32 m2 Studio Apartments for Rent in Amman 7th Circle,20,JOD,0,1,32,Furnished,Third Floor,"7th Circle, Amman",Studio | One Bathroom | Furnished | Surface Area: 32 m2 | Third Floor | For Rent | Apartments,https://jo.opensooq.com/en/search/268866429
276674049,140 m2 3 Bedrooms Apartments for Rent in Amman Tla' Al Ali Al Shamali,20,JOD,3,2,140,Furnished,Second Floor,"Tla' Al Ali Al Shamali, Amman",3 Bedrooms | 2 Bathrooms | Furnished | Surface Area: 140 m2 | Second Floor | For Rent | Apartments,https://jo.opensooq.com/en/search/276674049
280207993,Cozy furnished apartment for rent in a prime location in Abdoun,9000,JOD,3,2,170,Furnished,First Floor,"Abdoun, Amman",3 Bedrooms | 2 Bathrooms | Furnished | Surface Area: 170 m2 | First Floor | For Rent | Apartments,https://jo.opensooq.com/en/search/280207993
261616521,100 m2 2 Bedrooms Apartments for Rent in Amman 7th Circle,,,2,2,100,Furnished,Second Floor,"7th Circle, Amman",2 Bedrooms | 2 Bathrooms | Furnished | Surface Area: 100 m2 | Second Floor | For Rent | Apartments,https://jo.opensooq.com/en/search/261616521
280165089,480 m2 4 Bedrooms Apartments for Rent in Amman Airport Road - Manaseer Gs,1000,JOD,4,3,480,Furnished,Semi Ground Floor,"Airport Road - Manaseer Gs, Amman",4 Bedrooms | 3 Bathrooms | Furnished | Surface Area: 480 m2 | Semi Ground Floor | For Rent | Apartments,https://jo.opensooq.com/en/search/280165089
274147581,50 m2 Studio Apartments for Rent in Amman 7th Circle,20,JOD,0,1,50,Furnished,Ground Floor,"7th Circle, Amman",Studio | One Bathroom | Furnished | Surface Area: 50 m2 | Ground Floor | For Rent | Apartments,https://jo.opensooq.com/en/search/274147581
244516873,50 m2 Studio Apartments for Rent in Amman 7th Circle,20,JOD,0,1,50,Furnished,Ground Floor,"7th Circle, Amman",Studio | One Bathroom | Furnished | Surface Area: 50 m2 | Ground Floor | For Rent | Apartments,https://jo.opensooq.com/en/search/244516873
279884371,45 m2 Studio Apartments for Rent in Amman Jubaiha,300,JOD,0,1,45,Furnished,Ground Floor,"Jubaiha, Amman",Studio | One Bathroom | Furnished | Surface Area: 45 m2 | Ground Floor | For Rent | Apartments,https://jo.opensooq.com/en/search/279884371
280475847,A very unique opportunity - Brand-New #LuxuryApartment for Annual Rent in #DeirGhbar,13000,JOD,2,2,100,Furnished,First Floor,"Deir Ghbar, Amman",2 Bedrooms | 2 Bathrooms | Furnished | Surface Area: 100 m2 | First Floor | For Rent | Apartments,https://jo.opensooq.com/en/search/280475847
264432667,160 m2 3 Bedrooms Apartments for Rent in Amman Tabarboor,,,3,3,160,Furnished,First Floor,"Tabarboor, Amman",3 Bedrooms | 3 Bathrooms | Furnished | Surface Area: 160 m2 | First Floor | For Rent | Apartments,https://jo.opensooq.com/en/search/264432667
279720759,180 m2 4 Bedrooms Apartments for Rent in Amman Al Bnayyat,200,JOD,4,4,180,Furnished,First Floor,"Al Bnayyat, Amman",4 Bedrooms | 4 Bathrooms | Furnished | Surface Area: 180 m2 | First Floor | For Rent | Apartments,https://jo.opensooq.com/en/search/279720759
280500621,100 m2 1 Bedroom Apartments for Rent in Amman Jubaiha,480,JOD,1,1,100,Furnished,Fourth Floor,"Jubaiha, Amman",1 Bedroom | One Bathroom | Furnished | Surface Area: 100 m2 | Fourth Floor | For Rent | Apartments,https://jo.opensooq.com/en/search/280500621
279474961,160 m2 3 Bedrooms Apartments for Rent in Amman Tla' Al Ali Al Shamali,45,JOD,3,2,160,Unfurnished,First Floor,"Tla' Al Ali Al Shamali, Amman",3 Bedrooms | 2 Bathrooms | Unfurnished | Surface Area: 160 m2 | First Floor | For Rent | Apartments,https://jo.opensooq.com/en/search/279474961
276723973,100 m2 2 Bedrooms Apartments for Rent in Amman Al Rabiah,500,JOD,2,2,100,Furnished,Fourth Floor,"Al Rabiah, Amman",2 Bedrooms | 2 Bathrooms | Furnished | Surface Area: 100 m2 | Fourth Floor | For Rent | Apartments,https://jo.opensooq.com/en/search/276723973
276437611,40 m2 Studio Apartments for Rent in Amman Daheit Al Rasheed,25,JOD,0,1,40,Furnished,First Floor,"Daheit Al Rasheed, Amman",Studio | One Bathroom | Furnished | Surface Area: 40 m2 | First Floor | For Rent | Apartments,https://jo.opensooq.com/en/search/276437611
277901657,50 m2 Studio Apartments for Rent in Amman University Street,15,JOD,0,1,50,Furnished,Third Floor,"University Street, Amman",Studio | One Bathroom | Furnished | Surface Area: 50 m2 | Third Floor | For Rent | Apartments,https://jo.opensooq.com/en/search/277901657
280458605,125 m2 2 Bedrooms Apartments for Rent in Amman Deir Ghbar,1200,JOD,2,2,125,Furnished,Ground Floor,"Deir Ghbar, Amman",2 Bedrooms | 2 Bathrooms | Furnished | Surface Area: 125 m2 | Ground Floor | For Rent | Apartments,https://jo.opensooq.com/en/search/280458605
280458551,210 m2 3 Bedrooms Apartments for Rent in Amman Deir Ghbar,15500,JOD,3,4,210,Unfurnished,First Floor,"Deir Ghbar, Amman",3 Bedrooms | 4 Bathrooms | Unfurnished | Surface Area: 210 m2 | First Floor | For Rent | Apartments,https://jo.opensooq.com/en/search/280458551
258236775,40 m2 Studio Apartments for Rent in Amman 7th Circle,20,JOD,0,1,40,Furnished,Third Floor,"7th Circle, Amman",Studio | One Bathroom | Furnished | Surface Area: 40 m2 | Third Floor | For Rent | Apartments,https://jo.opensooq.com/en/search/258236775
280885664,150 m2 3 Bedrooms Apartments for Rent in Amman Al Rabiah,400,JOD,3,2,150,Furnished,Ground Floor,"Al Rabiah, Amman",3 Bedrooms | 2 Bathrooms | Furnished | Surface Area: 150 m2 | Ground Floor | For Rent | Apartments,https://jo.opensooq.com/en/search/280885664
249891223,100 m2 2 Bedrooms Apartments for Rent in Amman Abdoun,700,JOD,2,2,100,Furnished,Second Floor,"Abdoun, Amman",2 Bedrooms | 2 Bathrooms | Furnished | Surface Area: 100 m2 | Second Floor | For Rent | Apartments,https://jo.opensooq.com/en/search/249891223
269876415,30 m2 Studio Apartments for Rent in Amman Al Rabiah,20,JOD,0,1,30,Furnished,Ground Floor,"Al Rabiah, Amman",Studio | One Bathroom | Furnished | Surface Area: 30 m2 | Ground Floor | For Rent | Apartments,https://jo.opensooq.com/en/search/269876415
280429097,50 m2 Studio Apartments for Rent in Amman 7th Circle,35,JOD,0,1,50,Furnished,Ground Floor,"7th Circle, Amman",Studio | One Bathroom | Furnished | Surface Area: 50 m2 | Ground Floor | For Rent | Apartments,https://jo.opensooq.com/en/search/280429097
273096879,40 m2 Studio Apartments for Rent in Amman 7th Circle,,,0,1,40,Furnished,First Floor,"7th Circle, Amman",Studio | One Bathroom | Furnished | Surface Area: 40 m2 | First Floor | For Rent | Apartments,https://jo.opensooq.com/en/search/273096879
279453633,140 m2 3 Bedrooms Apartments for Rent in Amman Dahiet Al Ameer Rashed,900,JOD,3,2,140,Furnished,Third Floor,"Dahiet Al Ameer Rashed, Amman",3 Bedrooms | 2 Bathrooms | Furnished | Surface Area: 140 m2 | Third Floor | For Rent | Apartments,https://jo.opensooq.com/en/search/279453633
270393433,160 m2 2 Bedrooms Apartments for Rent in Amman Daheit Al Rasheed,40,JOD,2,2,160,Furnished,First Floor,"Daheit Al Rasheed, Amman",2 Bedrooms | 2 Bathrooms | Furnished | Surface Area: 160 m2 | First Floor | For Rent | Apartments,https://jo.opensooq.com/en/search/270393433
280304641,184 m2 More than 6 bedrooms Apartments for Rent in Amman 4th Circle,1000,JOD,6,3,184,Furnished,Second Floor,"4th Circle, Amman",More than 6 bedrooms | 3 Bathrooms | Furnished | Surface Area: 184 m2 | Second Floor | For Rent | Apartments,https://jo.opensooq.com/en/search/280304641
280287195,85 m2 2 Bedrooms Apartments for Rent in Amman Swefieh,40,JOD,2,2,85,Furnished,Second Floor,"Swefieh, Amman",2 Bedrooms | 2 Bathrooms | Furnished | Surface Area: 85 m2 | Second Floor | For Rent | Apartments,https://jo.opensooq.com/en/search/280287195
279780781,"Two Master bedrooms, Super deluxe Luxurious Furnished apartment, Abdoun Heliopolis, for rent.",9500,JOD,2,3,95,Furnished,Second Floor,"Abdoun, Amman",2 Bedrooms | 3 Bathrooms | Furnished | Surface Area: 95 m2 | Second Floor | For Rent | Apartments,https://jo.opensooq.com/en/search/279780781
279531299,300 m2 4 Bedrooms Apartments for Rent in Amman Jubaiha,1100,JOD,4,4,300,Furnished,Second Floor,"Jubaiha, Amman",4 Bedrooms | 4 Bathrooms | Furnished | Surface Area: 300 m2 | Second Floor | For Rent | Apartments,https://jo.opensooq.com/en/search/279531299
273111815,40 m2 Studio Apartments for Rent in Amman Jabal Al Hussain,20,JOD,0,2,40,Furnished,Fourth Floor,"Jabal Al Hussain, Amman",Studio | 2 Bathrooms | Furnished | Surface Area: 40 m2 | Fourth Floor | For Rent | Apartments,https://jo.opensooq.com/en/search/273111815
270443435,100 m2 Studio Apartments for Rent in Amman Jubaiha,20,JOD,0,1,100,Furnished,Third Floor,"Jubaiha, Amman",Studio | One Bathroom | Furnished | Surface Area: 100 m2 | Third Floor | For Rent | Apartments,https://jo.opensooq.com/en/search/270443435
280351125,35 m2 Studio Apartments for Rent in Amman University Street,140,JOD,0,1,35,Furnished,Fourth Floor,"University Street, Amman",Studio | One Bathroom | Furnished | Surface Area: 35 m2 | Fourth Floor | For Rent | Apartments,https://jo.opensooq.com/en/search/280351125
280866950,50 m2 Studio Apartments for Rent in Amman Al Gardens,20,JOD,0,1,50,Furnished,First Floor,"Al Gardens, Amman",Studio | One Bathroom | Furnished | Surface Area: 50 m2 | First Floor | For Rent | Apartments,https://jo.opensooq.com/en/search/280866950
280255211,90 m2 2 Bedrooms Apartments for Rent in Amman Swefieh,35,JOD,2,2,90,Furnished,Ground Floor,"Swefieh, Amman",2 Bedrooms | 2 Bathrooms | Furnished | Surface Area: 90 m2 | Ground Floor | For Rent | Apartments,https://jo.opensooq.com/en/search/280255211
279633115,200 m2 3 Bedrooms Apartments for Rent in Amman Abdoun,,,3,3,200,Furnished,Second Floor,"Abdoun, Amman",3 Bedrooms | 3 Bathrooms | Furnished | Surface Area: 200 m2 | Second Floor | For Rent | Apartments,https://jo.opensooq.com/en/search/279633115
271414367,35 m2 Studio Apartments for Rent in Amman Al Bayader,25,JOD,0,1,35,Furnished,First Floor,"Al Bayader, Amman",Studio | One Bathroom | Furnished | Surface Area: 35 m2 | First Floor | For Rent | Apartments,https://jo.opensooq.com/en/search/271414367
258244311,25 m2 Studio Apartments for Rent in Amman Daheit Al Rasheed,15,JOD,0,1,25,Furnished,Ground Floor,"Daheit Al Rasheed, Amman",Studio | One Bathroom | Furnished | Surface Area: 25 m2 | Ground Floor | For Rent | Apartments,https://jo.opensooq.com/en/search/258244311
242786751,40 m2 1 Bedroom Apartments for Rent in Amman Mecca Street,229,JOD,1,1,40,Furnished,First Floor,"Mecca Street, Amman",1 Bedroom | One Bathroom | Furnished | Surface Area: 40 m2 | First Floor | For Rent | Apartments,https://jo.opensooq.com/en/search/242786751
280401675,40 m2 1 Bedroom Apartments for Rent in Amman Sports City,229,JOD,1,1,40,Furnished,First Floor,"Sports City, Amman",1 Bedroom | One Bathroom | Furnished | Surface Area: 40 m2 | First Floor | For Rent | Apartments,https://jo.opensooq.com/en/search/280401675
280302525,70 m2 1 Bedroom Apartments for Rent in Amman Jubaiha,500,JOD,1,1,70,Furnished,Fourth Floor,"Jubaiha, Amman",1 Bedroom | One Bathroom | Furnished | Surface Area: 70 m2 | Fourth Floor | For Rent | Apartments,https://jo.opensooq.com/en/search/280302525
279582707,42 m2 1 Bedroom Apartments for Rent in Amman Al Rabiah,250,JOD,1,1,42,Furnished,First Floor,"Al Rabiah, Amman",1 Bedroom | One Bathroom | Furnished | Surface Area: 42 m2 | First Floor | For Rent | Apartments,https://jo.opensooq.com/en/search/279582707
278982967,140 m2 3 Bedrooms Apartments for Rent in Amman Dahiet Al Ameer Rashed,40,JOD,3,2,140,Furnished,First Floor,"Dahiet Al Ameer Rashed, Amman",3 Bedrooms | 2 Bathrooms | Furnished | Surface Area: 140 m2 | First Floor | For Rent | Apartments,https://jo.opensooq.com/en/search/278982967
279502129,60 m2 Studio Apartments for Rent in Amman Swefieh,280,JOD,0,1,60,Furnished,First Floor,"Swefieh, Amman",Studio | One Bathroom | Furnished | Surface Area: 60 m2 | First Floor | For Rent | Apartments,https://jo.opensooq.com/en/search/279502129
280062849,195 m2 3 Bedrooms Apartments for Rent in Amman Dahiet Al-Nakheel,9600,JOD,3,3,195,Furnished,Ground Floor,"Dahiet Al-Nakheel, Amman",3 Bedrooms | 3 Bathrooms | Furnished | Surface Area: 195 m2 | Ground Floor | For Rent | Apartments,https://jo.opensooq.com/en/search/280062849
279996599,90 m2 Studio Apartments for Rent in Amman University Street,30,JOD,0,2,90,Furnished,First Floor,"University Street, Amman",Studio | 2 Bathrooms | Furnished | Surface Area: 90 m2 | First Floor | For Rent | Apartments,https://jo.opensooq.com/en/search/279996599
273111185,30 m2 Studio Apartments for Rent in Amman Jabal Al Hussain,20,JOD,0,1,30,Furnished,Third Floor,"Jabal Al Hussain, Amman",Studio | One Bathroom | Furnished | Surface Area: 30 m2 | Third Floor | For Rent | Apartments,https://jo.opensooq.com/en/search/273111185
280015425,140 m2 2 Bedrooms Apartments for Rent in Amman Al Hummar,39,JOD,2,2,140,Furnished,First Floor,"Al Hummar, Amman",2 Bedrooms | 2 Bathrooms | Furnished | Surface Area: 140 m2 | First Floor | For Rent | Apartments,https://jo.opensooq.com/en/search/280015425
280076103,70 m2 Studio Apartments for Rent in Amman Al Rabiah,45,JOD,0,1,70,Furnished,First Floor,"Al Rabiah, Amman",Studio | One Bathroom | Furnished | Surface Area: 70 m2 | First Floor | For Rent | Apartments,https://jo.opensooq.com/en/search/280076103
280401491,39 m2 Studio Apartments for Rent in Amman Jubaiha,180,JOD,0,1,39,Furnished,Second Floor,"Jubaiha, Amman",Studio | One Bathroom | Furnished | Surface Area: 39 m2 | Second Floor | For Rent | Apartments,https://jo.opensooq.com/en/search/280401491
279609465,80 m2 2 Bedrooms Apartments for Rent in Amman Medina Street,80,JOD,2,1,80,Furnished,First Floor,"Medina Street, Amman",2 Bedrooms | One Bathroom | Furnished | Surface Area: 80 m2 | First Floor | For Rent | Apartments,https://jo.opensooq.com/en/search/279609465
280382451,35 m2 Studio Apartments for Rent in Amman Jubaiha,18,JOD,0,1,35,Furnished,Second Floor,"Jubaiha, Amman",Studio | One Bathroom | Furnished | Surface Area: 35 m2 | Second Floor | For Rent | Apartments,https://jo.opensooq.com/en/search/280382451
280229011,88 m2 2 Bedrooms Apartments for Rent in Amman Khalda,6200,JOD,2,2,88,Furnished,Third Floor,"Khalda, Amman",2 Bedrooms | 2 Bathrooms | Furnished | Surface Area: 88 m2 | Third Floor | For Rent | Apartments,https://jo.opensooq.com/en/search/280229011
278536945,60 m2 Studio Apartments for Rent in Amman 7th Circle,35,JOD,0,1,60,Furnished,Ground Floor,"7th Circle, Amman",Studio | One Bathroom | Furnished | Surface Area: 60 m2 | Ground Floor | For Rent | Apartments,https://jo.opensooq.com/en/search/278536945
280299631,Furnished Apartments for Rent – Al Weibdeh / Near Paris Circle – Amman,525,JOD,2,1,70,Furnished,Third Floor,"Jabal Al-Lweibdeh, Amman",2 Bedrooms | One Bathroom | Furnished | Surface Area: 70 m2 | Third Floor | For Rent | Apartments,https://jo.opensooq.com/en/search/280299631
279871025,110 m2 2 Bedrooms Apartments for Rent in Amman Abdoun,14000,JOD,2,2,110,Furnished,Second Floor,"Abdoun, Amman",2 Bedrooms | 2 Bathrooms | Furnished | Surface Area: 110 m2 | Second Floor | For Rent | Apartments,https://jo.opensooq.com/en/search/279871025
280348365,87 m2 2 Bedrooms Apartments for Rent in Amman Abdoun,1500,JOD,2,2,87,Furnished,Third Floor,"Abdoun, Amman",2 Bedrooms | 2 Bathrooms | Furnished | Surface Area: 87 m2 | Third Floor | For Rent | Apartments,https://jo.opensooq.com/en/search/280348365
280589055,250 m2 4 Bedrooms Apartments for Rent in Amman Khalda,10000,JOD,4,,250,Unfurnished,Ground Floor,"Khalda, Amman",4 Bedrooms | 5+ Bathrooms | Unfurnished | Surface Area: 250 m2 | Ground Floor | For Rent | Apartments,https://jo.opensooq.com/en/search/280589055
280349149,100 m2 2 Bedrooms Apartments for Rent in Amman Abdoun,,,2,2,100,Furnished,Second Floor,"Abdoun, Amman",2 Bedrooms | 2 Bathrooms | Furnished | Surface Area: 100 m2 | Second Floor | For Rent | Apartments,https://jo.opensooq.com/en/search/280349149
280349097,120 m2 2 Bedrooms Apartments for Rent in Amman Abdoun,9000,JOD,2,2,120,Furnished,Ground Floor,"Abdoun, Amman",2 Bedrooms | 2 Bathrooms | Furnished | Surface Area: 120 m2 | Ground Floor | For Rent | Apartments,https://jo.opensooq.com/en/search/280349097
280060969,60 m2 1 Bedroom Apartments for Rent in Amman 7th Circle,350,JOD,1,1,60,Furnished,Ground Floor,"7th Circle, Amman",1 Bedroom | One Bathroom | Furnished | Surface Area: 60 m2 | Ground Floor | For Rent | Apartments,https://jo.opensooq.com/en/search/280060969
280399139,85 m2 2 Bedrooms Apartments for Rent in Amman Tla' Ali,530,JOD,2,2,85,Furnished,Second Floor,"Tla' Ali, Amman",2 Bedrooms | 2 Bathrooms | Furnished | Surface Area: 85 m2 | Second Floor | For Rent | Apartments,https://jo.opensooq.com/en/search/280399139
280347541,85 m2 2 Bedrooms Apartments for Rent in Amman Wadi Al Haddadeh,175,JOD,2,1,85,Unfurnished,Third Floor,"Wadi Al Haddadeh, Amman",2 Bedrooms | One Bathroom | Unfurnished | Surface Area: 85 m2 | Third Floor | For Rent | Apartments,https://jo.opensooq.com/en/search/280347541
280161205,50 m2 Studio Apartments for Rent in Amman 7th Circle,25,JOD,0,1,50,Furnished,Fourth Floor,"7th Circle, Amman",Studio | One Bathroom | Furnished | Surface Area: 50 m2 | Fourth Floor | For Rent | Apartments,https://jo.opensooq.com/en/search/280161205
280125077,75 m2 1 Bedroom Apartments for Rent in Amman Shmaisani,4900,JOD,1,2,75,Furnished,First Floor,"Shmaisani, Amman",1 Bedroom | 2 Bathrooms | Furnished | Surface Area: 75 m2 | First Floor | For Rent | Apartments,https://jo.opensooq.com/en/search/280125077
279907439,100 m2 2 Bedrooms Apartments for Rent in Amman Abdoun,10000,JOD,2,2,100,Unfurnished,Fourth Floor,"Abdoun, Amman",2 Bedrooms | 2 Bathrooms | Unfurnished | Surface Area: 100 m2 | Fourth Floor | For Rent | Apartments,https://jo.opensooq.com/en/search/279907439
280012395,35 m2 1 Bedroom Apartments for Rent in Amman Shmaisani,25,JOD,1,1,35,Furnished,Second Floor,"Shmaisani, Amman",1 Bedroom | One Bathroom | Furnished | Surface Area: 35 m2 | Second Floor | For Rent | Apartments,https://jo.opensooq.com/en/search/280012395
280080989,275 m2 3 Bedrooms Apartments for Rent in Amman Shmaisani,800,JOD,3,4,275,Furnished,Ground Floor,"Shmaisani, Amman",3 Bedrooms | 4 Bathrooms | Furnished | Surface Area: 275 m2 | Ground Floor | For Rent | Apartments,https://jo.opensooq.com/en/search/280080989
279958061,100 m2 2 Bedrooms Apartments for Rent in Amman Abdoun,8500,JOD,2,2,100,Unfurnished,Ground Floor,"Abdoun, Amman",2 Bedrooms | 2 Bathrooms | Unfurnished | Surface Area: 100 m2 | Ground Floor | For Rent | Apartments,https://jo.opensooq.com/en/search/279958061
279215683,185 m2 3 Bedrooms Apartments for Rent in Amman Airport Road - Manaseer Gs,9000,JOD,3,3,185,Unfurnished,Second Floor,"Airport Road - Manaseer Gs, Amman",3 Bedrooms | 3 Bathrooms | Unfurnished | Surface Area: 185 m2 | Second Floor | For Rent | Apartments,https://jo.opensooq.com/en/search/279215683
279876151,130 m2 3 Bedrooms Apartments for Rent in Amman Deir Ghbar,149,JOD,3,2,130,Furnished,First Floor,"Deir Ghbar, Amman",3 Bedrooms | 2 Bathrooms | Furnished | Surface Area: 130 m2 | First Floor | For Rent | Apartments,https://jo.opensooq.com/en/search/279876151
280445631,50 m2 1 Bedroom Apartments for Rent in Amman University Street,200,JOD,1,1,50,Unfurnished,Ground Floor,"University Street, Amman",1 Bedroom | One Bathroom | Unfurnished | Surface Area: 50 m2 | Ground Floor | For Rent | Apartments,https://jo.opensooq.com/en/search/280445631
280067339,40 m2 Studio Apartments for Rent in Amman Jubaiha,325,JOD,0,1,40,Furnished,Ground Floor,"Jubaiha, Amman",Studio | One Bathroom | Furnished | Surface Area: 40 m2 | Ground Floor | For Rent | Apartments,https://jo.opensooq.com/en/search/280067339
280572877,40 m2 Studio Apartments for Rent in Amman Jubaiha,330,JOD,0,1,40,Furnished,First Floor,"Jubaiha, Amman",Studio | One Bathroom | Furnished | Surface Area: 40 m2 | First Floor | For Rent | Apartments,https://jo.opensooq.com/en/search/280572877
280736764,80 m2 2 Bedrooms Apartments for Rent in Amman Abdoun,7000,JOD,2,2,80,Furnished,First Floor,"Abdoun, Amman",2 Bedrooms | 2 Bathrooms | Furnished | Surface Area: 80 m2 | First Floor | For Rent | Apartments,https://jo.opensooq.com/en/search/280736764
257495729,50 m2 Studio Apartments for Rent in Amman Jubaiha,15,JOD,0,1,50,Furnished,Fifth Floor,"Jubaiha, Amman",Studio | One Bathroom | Furnished | Surface Area: 50 m2 | Fifth Floor | For Rent | Apartments,https://jo.opensooq.com/en/search/257495729
264813525,50 m2 Studio Apartments for Rent in Amman Jubaiha,25,JOD,0,1,50,Furnished,Ground Floor,"Jubaiha, Amman",Studio | One Bathroom | Furnished | Surface Area: 50 m2 | Ground Floor | For Rent | Apartments,https://jo.opensooq.com/en/search/264813525
280738844,175 m2 3 Bedrooms Apartments for Rent in Amman 7th Circle,750,JOD,3,3,175,Furnished,Third Floor,"7th Circle, Amman",3 Bedrooms | 3 Bathrooms | Furnished | Surface Area: 175 m2 | Third Floor | For Rent | Apartments,https://jo.opensooq.com/en/search/280738844
276860081,140 m2 2 Bedrooms Apartments for Rent in Amman Al Rabiah,350,JOD,2,2,140,Unfurnished,Third Floor,"Al Rabiah, Amman",2 Bedrooms | 2 Bathrooms | Unfurnished | Surface Area: 140 m2 | Third Floor | For Rent | Apartments,https://jo.opensooq.com/en/search/276860081
280636537,150 m2 4 Bedrooms Apartments for Rent in Amman Tabarboor,290,JOD,4,2,150,Unfurnished,First Floor,"Tabarboor, Amman",4 Bedrooms | 2 Bathrooms | Unfurnished | Surface Area: 150 m2 | First Floor | For Rent | Apartments,https://jo.opensooq.com/en/search/280636537
279960159,150 m2 3 Bedrooms Apartments for Rent in Amman Jubaiha,4300,JOD,3,3,150,Unfurnished,Semi Ground Floor,"Jubaiha, Amman",3 Bedrooms | 3 Bathrooms | Unfurnished | Surface Area: 150 m2 | Semi Ground Floor | For Rent | Apartments,https://jo.opensooq.com/en/search/279960159
280346013,90 m2 2 Bedrooms Apartments for Rent in Amman 7th Circle,600,JOD,2,2,90,Furnished,Third Floor,"7th Circle, Amman",2 Bedrooms | 2 Bathrooms | Furnished | Surface Area: 90 m2 | Third Floor | For Rent | Apartments,https://jo.opensooq.com/en/search/280346013
280002605,175 m2 3 Bedrooms Apartments for Rent in Amman Jubaiha,6000,JOD,3,3,175,Unfurnished,First Floor,"Jubaiha, Amman",3 Bedrooms | 3 Bathrooms | Unfurnished | Surface Area: 175 m2 | First Floor | For Rent | Apartments,https://jo.opensooq.com/en/search/280002605
280785458,118 m2 3 Bedrooms Apartments for Rent in Amman Shmaisani,600,JOD,3,3,118,Furnished,Third Floor,"Shmaisani, Amman",3 Bedrooms | 3 Bathrooms | Furnished | Surface Area: 118 m2 | Third Floor | For Rent | Apartments,https://jo.opensooq.com/en/search/280785458
273948867,40 m2 Studio Apartments for Rent in Amman Shmaisani,280,JOD,0,1,40,Furnished,First Floor,"Shmaisani, Amman",Studio | One Bathroom | Furnished | Surface Area: 40 m2 | First Floor | For Rent | Apartments,https://jo.opensooq.com/en/search/273948867
279688909,85 m2 2 Bedrooms Apartments for Rent in Amman University Street,,,2,1,85,Furnished,First Floor,"University Street, Amman",2 Bedrooms | One Bathroom | Furnished | Surface Area: 85 m2 | First Floor | For Rent | Apartments,https://jo.opensooq.com/en/search/279688909
280632821,95 m2 2 Bedrooms Apartments for Rent in Amman Abdoun,899,JOD,2,2,95,Furnished,Semi Ground Floor,"Abdoun, Amman",2 Bedrooms | 2 Bathrooms | Furnished | Surface Area: 95 m2 | Semi Ground Floor | For Rent | Apartments,https://jo.opensooq.com/en/search/280632821
268582925,25 m2 Studio Apartments for Rent in Amman University Street,170,JOD,0,1,25,Furnished,First Floor,"University Street, Amman",Studio | One Bathroom | Furnished | Surface Area: 25 m2 | First Floor | For Rent | Apartments,https://jo.opensooq.com/en/search/268582925
168063950,Elite Apartments In The Heart Of The Diplomatic Area,12000,JOD,2,2,110,Furnished,Ground Floor,"Abdoun, Amman",2 Bedrooms | 2 Bathrooms | Furnished | Surface Area: 110 m2 | Ground Floor | For Rent | Apartments,https://jo.opensooq.com/en/search/168063950
280097469,270 m2 4 Bedrooms Apartments for Rent in Amman Dahiet Al Ameer Rashed,,,4,3,270,Unfurnished,Second Floor,"Dahiet Al Ameer Rashed, Amman",4 Bedrooms | 3 Bathrooms | Unfurnished | Surface Area: 270 m2 | Second Floor | For Rent | Apartments,https://jo.opensooq.com/en/search/280097469
279571231,170 m2 3 Bedrooms Apartments for Rent in Amman 7th Circle,,,3,3,170,Furnished,First Floor,"7th Circle, Amman",3 Bedrooms | 3 Bathrooms | Furnished | Surface Area: 170 m2 | First Floor | For Rent | Apartments,https://jo.opensooq.com/en/search/279571231
280486883,110 m2 2 Bedrooms Apartments for Rent in Amman Deir Ghbar,7200,JOD,2,2,110,Furnished,Second Floor,"Deir Ghbar, Amman",2 Bedrooms | 2 Bathrooms | Furnished | Surface Area: 110 m2 | Second Floor | For Rent | Apartments,https://jo.opensooq.com/en/search/280486883
280682745,175 m2 3 Bedrooms Apartments for Rent in Amman Al Sahl,4200,JOD,3,2,175,Unfurnished,Third Floor,"Al Sahl, Amman",3 Bedrooms | 2 Bathrooms | Unfurnished | Surface Area: 175 m2 | Third Floor | For Rent | Apartments,https://jo.opensooq.com/en/search/280682745
260038859,130 m2 2 Bedrooms Apartments for Rent in Amman Al Hashmi Al Shamali,,,2,1,130,Furnished,First Floor,"Al Hashmi Al Shamali, Amman",2 Bedrooms | One Bathroom | Furnished | Surface Area: 130 m2 | First Floor | For Rent | Apartments,https://jo.opensooq.com/en/search/260038859
280783052,100 m2 2 Bedrooms Apartments for Rent in Amman Um Uthaiena,450,JOD,2,2,100,Furnished,Fourth Floor,"Um Uthaiena, Amman",2 Bedrooms | 2 Bathrooms | Furnished | Surface Area: 100 m2 | Fourth Floor | For Rent | Apartments,https://jo.opensooq.com/en/search/280783052
279766379,35 m2 Studio Apartments for Rent in Amman Dahiet Al Ameer Rashed,335,JOD,0,1,35,Furnished,First Floor,"Dahiet Al Ameer Rashed, Amman",Studio | One Bathroom | Furnished | Surface Area: 35 m2 | First Floor | For Rent | Apartments,https://jo.opensooq.com/en/search/279766379
279813545,260 m2 3 Bedrooms Apartments for Rent in Amman Um El Summaq,7500,JOD,3,4,260,Unfurnished,Third Floor,"Um El Summaq, Amman",3 Bedrooms | 4 Bathrooms | Unfurnished | Surface Area: 260 m2 | Third Floor | For Rent | Apartments,https://jo.opensooq.com/en/search/279813545
280290891,150 m2 3 Bedrooms Apartments for Rent in Amman Marj El Hamam,570,JOD,3,3,150,Furnished,Third Floor,"Marj El Hamam, Amman",3 Bedrooms | 3 Bathrooms | Furnished | Surface Area: 150 m2 | Third Floor | For Rent | Apartments,https://jo.opensooq.com/en/search/280290891
279956739,50 m2 Studio Apartments for Rent in Amman Jubaiha,15,JOD,0,1,50,Furnished,Semi Ground Floor,"Jubaiha, Amman",Studio | One Bathroom | Furnished | Surface Area: 50 m2 | Semi Ground Floor | For Rent | Apartments,https://jo.opensooq.com/en/search/279956739
280579371,1 m2 1 Bedroom Apartments for Rent in Amman Tla' Ali,205,JOD,1,1,1,Unfurnished,Third Floor,"Tla' Ali, Amman",1 Bedroom | One Bathroom | Unfurnished | Surface Area: 1 m2 | Third Floor | For Rent | Apartments,https://jo.opensooq.com/en/search/280579371
279518391,80 m2 2 Bedrooms Apartments for Rent in Amman University Street,330,JOD,2,1,80,Furnished,First Floor,"University Street, Amman",2 Bedrooms | One Bathroom | Furnished | Surface Area: 80 m2 | First Floor | For Rent | Apartments,https://jo.opensooq.com/en/search/279518391
279767197,140 m2 3 Bedrooms Apartments for Rent in Amman Jubaiha,400,JOD,3,2,140,Unfurnished,Third Floor,"Jubaiha, Amman",3 Bedrooms | 2 Bathrooms | Unfurnished | Surface Area: 140 m2 | Third Floor | For Rent | Apartments,https://jo.opensooq.com/en/search/279767197
240765339,50 m2 1 Bedroom Apartments for Rent in Amman 7th Circle,20,JOD,1,1,50,Furnished,Third Floor,"7th Circle, Amman",1 Bedroom | One Bathroom | Furnished | Surface Area: 50 m2 | Third Floor | For Rent | Apartments,https://jo.opensooq.com/en/search/240765339
280234143,50 m2 Studio Apartments for Rent in Amman Jubaiha,25,JOD,0,1,50,Furnished,First Floor,"Jubaiha, Amman",Studio | One Bathroom | Furnished | Surface Area: 50 m2 | First Floor | For Rent | Apartments,https://jo.opensooq.com/en/search/280234143
280391703,50 m2 1 Bedroom Apartments for Rent in Amman 7th Circle,350,JOD,1,1,50,Furnished,Second Floor,"7th Circle, Amman",1 Bedroom | One Bathroom | Furnished | Surface Area: 50 m2 | Second Floor | For Rent | Apartments,https://jo.opensooq.com/en/search/280391703
278937073,200 m2 5 Bedrooms Apartments for Rent in Amman Abu Nsair,25,JOD,5,3,200,Furnished,Ground Floor,"Abu Nsair, Amman",5 Bedrooms | 3 Bathrooms | Furnished | Surface Area: 200 m2 | Ground Floor | For Rent | Apartments,https://jo.opensooq.com/en/search/278937073
279719783,110 m2 2 Bedrooms Apartments for Rent in Amman Al Rabiah,5200,JOD,2,2,110,Unfurnished,Third Floor,"Al Rabiah, Amman",2 Bedrooms | 2 Bathrooms | Unfurnished | Surface Area: 110 m2 | Third Floor | For Rent | Apartments,https://jo.opensooq.com/en/search/279719783
279620363,120 m2 3 Bedrooms Apartments for Rent in Amman Jubaiha,25,JOD,3,2,120,Furnished,First Floor,"Jubaiha, Amman",3 Bedrooms | 2 Bathrooms | Furnished | Surface Area: 120 m2 | First Floor | For Rent | Apartments,https://jo.opensooq.com/en/search/279620363
279620273,130 m2 3 Bedrooms Apartments for Rent in Amman Abu Al-Nair,300,JOD,3,3,130,Furnished,First Floor,"Abu Al-Nair, Amman",3 Bedrooms | 3 Bathrooms | Furnished | Surface Area: 130 m2 | First Floor | For Rent | Apartments,https://jo.opensooq.com/en/search/279620273
277835611,175 m2 3 Bedrooms Apartments for Rent in Amman Shmaisani,700,JOD,3,3,175,Furnished,Third Floor,"Shmaisani, Amman",3 Bedrooms | 3 Bathrooms | Furnished | Surface Area: 175 m2 | Third Floor | For Rent | Apartments,https://jo.opensooq.com/en/search/277835611
280239719,200 m2 3 Bedrooms Apartments for Rent in Amman Tla' Ali,575,JOD,3,3,200,Furnished,Semi Ground Floor,"Tla' Ali, Amman",3 Bedrooms | 3 Bathrooms | Furnished | Surface Area: 200 m2 | Semi Ground Floor | For Rent | Apartments,https://jo.opensooq.com/en/search/280239719
280732078,130 m2 2 Bedrooms Apartments for Rent in Amman Khalda,80,JOD,2,2,130,Furnished,Ground Floor,"Khalda, Amman",2 Bedrooms | 2 Bathrooms | Furnished | Surface Area: 130 m2 | Ground Floor | For Rent | Apartments,https://jo.opensooq.com/en/search/280732078
278533139,40 m2 1 Bedroom Apartments for Rent in Amman Shafa Badran,350,JOD,1,1,40,Furnished,Ground Floor,"Shafa Badran, Amman",1 Bedroom | One Bathroom | Furnished | Surface Area: 40 m2 | Ground Floor | For Rent | Apartments,https://jo.opensooq.com/en/search/278533139
276056855,130 m2 5 Bedrooms Apartments for Rent in Amman Daheit Al Rasheed,450,JOD,5,2,130,Furnished,Ground Floor,"Daheit Al Rasheed, Amman",5 Bedrooms | 2 Bathrooms | Furnished | Surface Area: 130 m2 | Ground Floor | For Rent | Apartments,https://jo.opensooq.com/en/search/276056855
279954533,140 m2 3 Bedrooms Apartments for Rent in Amman Al Gardens,1500,JOD,3,2,140,Furnished,Ground Floor,"Al Gardens, Amman",3 Bedrooms | 2 Bathrooms | Furnished | Surface Area: 140 m2 | Ground Floor | For Rent | Apartments,https://jo.opensooq.com/en/search/279954533
280680469,160 m2 3 Bedrooms Apartments for Rent in Amman Deir Ghbar,1500,JOD,3,3,160,Furnished,Ground Floor,"Deir Ghbar, Amman",3 Bedrooms | 3 Bathrooms | Furnished | Surface Area: 160 m2 | Ground Floor | For Rent | Apartments,https://jo.opensooq.com/en/search/280680469
279954453,110 m2 2 Bedrooms Apartments for Rent in Amman Tla' Al Ali Al Sharqi,65,JOD,2,2,110,Furnished,Second Floor,"Tla' Al Ali Al Sharqi, Amman",2 Bedrooms | 2 Bathrooms | Furnished | Surface Area: 110 m2 | Second Floor | For Rent | Apartments,https://jo.opensooq.com/en/search/279954453
280680297,220 m2 3 Bedrooms Apartments for Rent in Amman Deir Ghbar,19000,JOD,3,3,220,Furnished,Ground Floor,"Deir Ghbar, Amman",3 Bedrooms | 3 Bathrooms | Furnished | Surface Area: 220 m2 | Ground Floor | For Rent | Apartments,https://jo.opensooq.com/en/search/280680297
280577707,80 m2 Studio Apartments for Rent in Amman Swelieh,145,JOD,0,1,80,Unfurnished,Fourth Floor,"Swelieh, Amman",Studio | One Bathroom | Unfurnished | Surface Area: 80 m2 | Fourth Floor | For Rent | Apartments,https://jo.opensooq.com/en/search/280577707
279954407,100 m2 2 Bedrooms Apartments for Rent in Amman University Street,900,JOD,2,2,100,Furnished,Second Floor,"University Street, Amman",2 Bedrooms | 2 Bathrooms | Furnished | Surface Area: 100 m2 | Second Floor | For Rent | Apartments,https://jo.opensooq.com/en/search/279954407
279954345,120 m2 3 Bedrooms Apartments for Rent in Amman Al Gardens,90,JOD,3,2,120,Furnished,First Floor,"Al Gardens, Amman",3 Bedrooms | 2 Bathrooms | Furnished | Surface Area: 120 m2 | First Floor | For Rent | Apartments,https://jo.opensooq.com/en/search/279954345
280045433,190 m2 3 Bedrooms Apartments for Rent in Amman 7th Circle,,,3,3,190,Furnished,Second Floor,"7th Circle, Amman",3 Bedrooms | 3 Bathrooms | Furnished | Surface Area: 190 m2 | Second Floor | For Rent | Apartments,https://jo.opensooq.com/en/search/280045433
270148889,90 m2 2 Bedrooms Apartments for Rent in Amman Al Gardens,65,JOD,2,2,90,Furnished,First Floor,"Al Gardens, Amman",2 Bedrooms | 2 Bathrooms | Furnished | Surface Area: 90 m2 | First Floor | For Rent | Apartments,https://jo.opensooq.com/en/search/270148889
279567067,90 m2 2 Bedrooms Apartments for Rent in Amman 7th Circle,500,JOD,2,2,90,Furnished,Semi Ground Floor,"7th Circle, Amman",2 Bedrooms | 2 Bathrooms | Furnished | Surface Area: 90 m2 | Semi Ground Floor | For Rent | Apartments,https://jo.opensooq.com/en/search/279567067
280730942,110 m2 2 Bedrooms Apartments for Rent in Amman Abdoun,55,JOD,2,2,110,Furnished,First Floor,"Abdoun, Amman",2 Bedrooms | 2 Bathrooms | Furnished | Surface Area: 110 m2 | First Floor | For Rent | Apartments,https://jo.opensooq.com/en/search/280730942
279426035,110 m2 2 Bedrooms Apartments for Rent in Amman Khalda,800,JOD,2,2,110,Furnished,Ground Floor,"Khalda, Amman",2 Bedrooms | 2 Bathrooms | Furnished | Surface Area: 110 m2 | Ground Floor | For Rent | Apartments,https://jo.opensooq.com/en/search/279426035
280124179,90 m2 2 Bedrooms Apartments for Rent in Amman Abdoun Al Shamali,50,JOD,2,2,90,Furnished,Third Floor,"Abdoun Al Shamali, Amman",2 Bedrooms | 2 Bathrooms | Furnished | Surface Area: 90 m2 | Third Floor | For Rent | Apartments,https://jo.opensooq.com/en/search/280124179
280500881,100 m2 2 Bedrooms Apartments for Rent in Amman Khalda,450,JOD,2,2,100,Furnished,Basement Floor,"Khalda, Amman",2 Bedrooms | 2 Bathrooms | Furnished | Surface Area: 100 m2 | Basement Floor | For Rent | Apartments,https://jo.opensooq.com/en/search/280500881
280337399,100 m2 2 Bedrooms Apartments for Rent in Amman Abdoun,6500,JOD,2,2,100,Furnished,Semi Ground Floor,"Abdoun, Amman",2 Bedrooms | 2 Bathrooms | Furnished | Surface Area: 100 m2 | Semi Ground Floor | For Rent | Apartments,https://jo.opensooq.com/en/search/280337399
280423585,50 m2 1 Bedroom Apartments for Rent in Amman Al Rabiah,400,JOD,1,1,50,Furnished,Fourth Floor,"Al Rabiah, Amman",1 Bedroom | One Bathroom | Furnished | Surface Area: 50 m2 | Fourth Floor | For Rent | Apartments,https://jo.opensooq.com/en/search/280423585
266718709,50 m2 Studio Apartments for Rent in Amman Jubaiha,17,JOD,0,1,50,Furnished,Ground Floor,"Jubaiha, Amman",Studio | One Bathroom | Furnished | Surface Area: 50 m2 | Ground Floor | For Rent | Apartments,https://jo.opensooq.com/en/search/266718709
279322531,45 m2 1 Bedroom Apartments for Rent in Amman 7th Circle,35,JOD,1,1,45,Furnished,Ground Floor,"7th Circle, Amman",1 Bedroom | One Bathroom | Furnished | Surface Area: 45 m2 | Ground Floor | For Rent | Apartments,https://jo.opensooq.com/en/search/279322531
280777118,100 m2 Studio Apartments for Rent in Amman Jubaiha,20,JOD,0,1,100,Furnished,Ground Floor,"Jubaiha, Amman",Studio | One Bathroom | Furnished | Surface Area: 100 m2 | Ground Floor | For Rent | Apartments,https://jo.opensooq.com/en/search/280777118
279027959,165 m2 3 Bedrooms Apartments for Rent in Amman Al Rabiah,6200,JOD,3,3,165,Unfurnished,Ground Floor,"Al Rabiah, Amman",3 Bedrooms | 3 Bathrooms | Unfurnished | Surface Area: 165 m2 | Ground Floor | For Rent | Apartments,https://jo.opensooq.com/en/search/279027959
279898419,100 m2 2 Bedrooms Apartments for Rent in Amman Abdoun,950,JOD,2,2,100,Furnished,Semi Ground Floor,"Abdoun, Amman",2 Bedrooms | 2 Bathrooms | Furnished | Surface Area: 100 m2 | Semi Ground Floor | For Rent | Apartments,https://jo.opensooq.com/en/search/279898419
280627047,73 m2 1 Bedroom Apartments for Rent in Amman Jubaiha,210,JOD,1,1,73,Furnished,Ground Floor,"Jubaiha, Amman",1 Bedroom | One Bathroom | Furnished | Surface Area: 73 m2 | Ground Floor | For Rent | Apartments,https://jo.opensooq.com/en/search/280627047
261063551,50 m2 Studio Apartments for Rent in Amman Jubaiha,25,JOD,0,1,50,Furnished,Ground Floor,"Jubaiha, Amman",Studio | One Bathroom | Furnished | Surface Area: 50 m2 | Ground Floor | For Rent | Apartments,https://jo.opensooq.com/en/search/261063551
280650421,50 m2 Studio Apartments for Rent in Amman Jubaiha,20,JOD,0,1,50,Furnished,Semi Ground Floor,"Jubaiha, Amman",Studio | One Bathroom | Furnished | Surface Area: 50 m2 | Semi Ground Floor | For Rent | Apartments,https://jo.opensooq.com/en/search/280650421
279897671,50 m2 Studio Apartments for Rent in Amman Jubaiha,249,JOD,0,1,50,Furnished,First Floor,"Jubaiha, Amman",Studio | One Bathroom | Furnished | Surface Area: 50 m2 | First Floor | For Rent | Apartments,https://jo.opensooq.com/en/search/279897671
280727076,200 m2 3 Bedrooms Apartments for Rent in Amman Khalda,5000,JOD,3,3,200,Unfurnished,Second Floor,"Khalda, Amman",3 Bedrooms | 3 Bathrooms | Unfurnished | Surface Area: 200 m2 | Second Floor | For Rent | Apartments,https://jo.opensooq.com/en/search/280727076
